Id,Question,Answer
1,What is data science?,"Data science is an interdisciplinary field that uses scientific methods, processes, algorithms, and systems to extract knowledge and insights from data."
2,What are the key steps in the data science process?,"The key steps typically include problem definition, data collection, data preparation, exploratory data analysis, modeling, evaluation, and deployment."
3,What is the difference between supervised and unsupervised learning?,"Supervised learning involves training a model on labeled data, where the algorithm learns the relationship between input features and target labels. Unsupervised learning deals with unlabeled data and aims to find hidden patterns or structures within the data."
4,Explain the bias-variance tradeoff.,The bias-variance tradeoff is the balance between the error introduced by bias (underfitting) and the error introduced by variance (overfitting) when building a machine learning model.
5,What is feature engineering?,"Feature engineering is the process of selecting, transforming, and creating features from raw data to improve model performance."
6,How do you handle missing data in a dataset?,"Missing data can be handled by imputation techniques such as mean, median, or mode imputation, using predictive models to estimate missing values, or by deleting rows or columns with missing values, depending on the dataset size and nature."
7,What is cross-validation?,Cross-validation is a technique used to assess the performance of a predictive model by splitting the data into multiple subsets.
8,Explain the concept of overfitting.,"Overfitting occurs when a model learns the training data too well, capturing noise or random fluctuations in the data instead of the underlying pattern."
9,What are some common algorithms used in supervised learning?,"Common algorithms include linear regression, logistic regression, decision trees, random forests, support vector machines, and neural networks."
10,What is dimensionality reduction?,Dimensionality reduction is the process of reducing the number of input variables in a dataset by transforming them into a lower-dimensional space while preserving important information.
11,What is regularization in machine learning?,Regularization is a technique used to prevent overfitting by adding a penalty term to the model's objective function.
12,What is ensemble learning?,Ensemble learning is a technique that combines multiple machine learning models to improve performance and robustness.
13,What is the ROC curve?,The receiver operating characteristic (ROC) curve is a graphical plot that illustrates the performance of a binary classification model across different threshold settings.
14,What is AUC-ROC?,The area under the ROC curve (AUC-ROC) is a metric used to evaluate the performance of a binary classification model.
15,What is the difference between classification and regression?,"Classification is a supervised learning task where the goal is to predict categorical labels or classes, while regression is a supervised learning task where the goal is to predict continuous numerical values."
16,What is clustering?,Clustering is an unsupervised learning technique that involves grouping similar data points together based on their features or characteristics.
17,What is the curse of dimensionality?,The curse of dimensionality refers to the phenomenon where the performance of certain algorithms deteriorates as the number of features or dimensions in the data increases.
18,What is the difference between precision and recall?,"Precision measures the proportion of true positive predictions among all positive predictions made by a classifier, while recall measures the proportion of true positive predictions among all actual positive instances in the data."
19,What is the F1 score?,The F1 score is the harmonic mean of precision and recall and provides a single metric to evaluate the performance of a classifier.
20,What is the bias of an estimator?,The bias of an estimator measures the difference between the expected value of the estimator and the true value of the parameter being estimated.
21,What is the variance of an estimator?,The variance of an estimator measures the spread or variability of the estimator's values around its expected value.
22,What is the Central Limit Theorem?,The Central Limit Theorem states that the sampling distribution of the sample mean approaches a normal distribution as the sample size increases.
23,What is regularization in neural networks?,Regularization in neural networks involves adding penalty terms to the loss function to prevent overfitting.
24,What is batch normalization?,Batch normalization is a technique used in neural networks to improve training stability and speed by normalizing the activations of each layer.
25,What is transfer learning?,Transfer learning is a machine learning technique where a model trained on one task is reused as the starting point for a model on a related task.
26,What is natural language processing (NLP)?,Natural language processing (NLP) is a field of artificial intelligence that focuses on the interaction between computers and human languages.
27,What is word embedding?,Word embedding is a technique used to represent words as dense vectors in a continuous vector space.
28,What is sentiment analysis?,Sentiment analysis is a natural language processing task that involves determining the sentiment or opinion expressed in a piece of text.
29,What is deep learning?,Deep learning is a subset of machine learning that focuses on artificial neural networks with multiple layers.
30,What is a convolutional neural network (CNN)?,"A convolutional neural network (CNN) is a type of deep neural network that is particularly well-suited for processing structured grid-like data, such as images."
31,What is a recurrent neural network (RNN)?,A recurrent neural network (RNN) is a type of neural network designed to process sequential data by maintaining a state or memory of previous inputs.
32,What is reinforcement learning?,Reinforcement learning is a machine learning paradigm where an agent learns to make decisions by interacting with an environment to maximize cumulative rewards.
33,What is Q-learning?,Q-learning is a model-free reinforcement learning algorithm used to learn the optimal action-selection policy for a Markov decision process (MDP).
34,What is the exploration-exploitation tradeoff in reinforcement learning?,The exploration-exploitation tradeoff refers to the dilemma faced by reinforcement learning agents when deciding whether to explore new actions or exploit known actions to maximize rewards.
35,What is deep reinforcement learning?,Deep reinforcement learning combines reinforcement learning with deep learning techniques to handle high-dimensional input spaces and learn complex policies directly from raw sensory input.
36,What is a Markov decision process (MDP)?,A Markov decision process (MDP) is a mathematical framework used to model sequential decision-making problems in which an agent interacts with an environment.
37,What is cross-entropy loss?,"Cross-entropy loss, also known as log loss, is a loss function used in classification tasks to quantify the difference between the predicted probability distribution and the true probability distribution of the classes."
38,What is the softmax function?,The softmax function is a mathematical function that converts a vector of arbitrary real values into a vector of probabilities.
39,What is the difference between a generative model and a discriminative model?,"A generative model learns the joint probability distribution of the input features and the target labels, while a discriminative model learns the conditional probability distribution of the target labels given the input features."
40,What is autoencoder?,An autoencoder is a type of neural network architecture that is trained to reconstruct its input data at the output layer.
41,What is the difference between bagging and boosting?,"Bagging (Bootstrap Aggregating) is an ensemble method that builds multiple models independently and combines their predictions through averaging or voting, while boosting sequentially builds models by giving more weight to misclassified instances."
42,What is hyperparameter tuning?,Hyperparameter tuning is the process of finding the optimal hyperparameters for a machine learning model to improve its performance.
43,What is the curse of dimensionality in the context of feature selection?,"The curse of dimensionality in feature selection refers to the challenges and limitations posed by high-dimensional data, such as increased computational complexity and difficulty in finding meaningful features."
44,What is the difference between L1 and L2 regularization?,"L1 regularization (Lasso) adds a penalty term proportional to the absolute value of the coefficients, encouraging sparsity and feature selection, while L2 regularization (Ridge) adds a penalty term proportional to the square of the coefficients, penalizing large coefficients."
45,What is the purpose of cross-validation in feature selection?,"Cross-validation in feature selection is used to evaluate the performance of a model with different subsets of features, helping to identify the most informative features and reduce the risk of overfitting."
46,What is the role of bias in model evaluation?,"Bias in model evaluation refers to systematic errors or inaccuracies in the predictions made by a model, which may arise from simplifying assumptions or limitations in the model architecture."
47,What is the importance of interpretability in machine learning models?,"Interpretability in machine learning models is important for understanding how predictions are made, gaining insights into the underlying relationships in the data, and building trust with stakeholders."
48,What is the difference between k-means and hierarchical clustering?,"K-means clustering partitions the data into k clusters by minimizing the within-cluster sum of squares, while hierarchical clustering builds a tree-like hierarchy of clusters by recursively merging or splitting clusters based on proximity."
49,What is the Elbow Method used for in k-means clustering?,"The Elbow Method is used to determine the optimal number of clusters (k) in k-means clustering by plotting the within-cluster sum of squares against the number of clusters and identifying the ""elbow"" point where the rate of decrease in inertia slows down."
50,What is the role of regularization in reducing model complexity?,"Regularization in machine learning reduces model complexity by adding penalty terms to the loss function, encouraging simpler models with smaller coefficients or fewer features."
51,What is the difference between gradient descent and stochastic gradient descent?,"Gradient descent updates model parameters using the average gradient of the entire training dataset, while stochastic gradient descent updates parameters using the gradient of a single randomly selected data point or mini-batch."
52,What is the tradeoff between bias and variance in model selection?,The bias-variance tradeoff in model selection involves balancing the tradeoff between bias (underfitting) and variance (overfitting) by selecting models with an appropriate level of complexity based on the dataset and task.
53,What is the role of regularization in reducing overfitting?,"Regularization in machine learning reduces overfitting by penalizing overly complex models, encouraging simpler models that generalize better to unseen data."
54,What are some techniques for handling imbalanced datasets in classification tasks?,"Techniques for handling imbalanced datasets include resampling methods such as oversampling the minority class or undersampling the majority class, using cost-sensitive learning algorithms, and generating synthetic samples with techniques like SMOTE."
55,What is the purpose of A/B testing in data science?,"A/B testing is used to compare two or more versions of a product or intervention to determine which one performs better based on predefined metrics, such as conversion rate or user engagement."
56,What is the difference between correlation and causation?,"Correlation measures the strength and direction of the linear relationship between two variables, while causation indicates that changes in one variable directly cause changes in another variable."
57,What is the role of feature scaling in machine learning?,"Feature scaling in machine learning ensures that all features have the same scale or range, preventing certain features from dominating others during model training. Common scaling techniques include min-max scaling and standardization."
58,What is the difference between classification and clustering?,"Classification is a supervised learning task where the goal is to predict categorical labels or classes, while clustering is an unsupervised learning task where the goal is to group similar data points together based on their features."
59,What is the purpose of Principal Component Analysis (PCA) in dimensionality reduction?,"Principal Component Analysis (PCA) is used to reduce the dimensionality of a dataset by transforming the original features into a new set of orthogonal principal components, which capture the maximum variance in the data."
60,What is the role of regularization in neural networks?,"Regularization in neural networks helps prevent overfitting by adding penalty terms to the loss function, encouraging simpler models with smaller weights or fewer connections."
61,What is dropout regularization in neural networks?,"Dropout regularization is a technique used in neural networks to reduce overfitting by randomly dropping out a fraction of neurons during training, forcing the network to learn more robust representations."
62,What is the difference between a generative adversarial network (GAN) and a variational autoencoder (VAE)?,"Generative adversarial networks (GANs) consist of two neural networks (generator and discriminator) that compete with each other to generate realistic data samples, while variational autoencoders (VAEs) learn a probabilistic model of the data's latent space and generate new samples by sampling from this distribution."
63,What is the difference between batch gradient descent and mini-batch gradient descent?,"Batch gradient descent computes the gradient of the cost function using the entire training dataset, while mini-batch gradient descent computes the gradient using a randomly selected subset (mini-batch) of the training data."
64,What is the role of activation functions in neural networks?,"Activation functions introduce non-linearity into neural networks, allowing them to learn complex mappings between inputs and outputs. Common activation functions include sigmoid, tanh, ReLU, and softmax."
65,What is the difference between generative and discriminative models in machine learning?,"Generative models learn the joint probability distribution of the input features and the target labels, while discriminative models learn the conditional probability distribution of the target labels given the input features."
66,What is the purpose of dropout regularization in neural networks?,"Dropout regularization is a technique used in neural networks to prevent overfitting by randomly dropping out a fraction of neurons during training, forcing the network to learn more robust representations."
67,What is the role of LSTMs in sequence modeling tasks?,"Long Short-Term Memory (LSTM) networks are a type of recurrent neural network (RNN) designed to capture long-range dependencies and temporal dynamics in sequential data, making them well-suited for tasks such as language modeling and time series prediction."
68,What is the difference between precision and recall in classification tasks?,"Precision measures the proportion of true positive predictions among all positive predictions made by a classifier, while recall measures the proportion of true positive predictions among all actual positive instances in the data."
69,"What is the F1 score, and why is it useful in model evaluation?","The F1 score is the harmonic mean of precision and recall and provides a single metric to evaluate the performance of a classifier, balancing both precision and recall. It is particularly useful for imbalanced datasets where one class is much more prevalent than the others."
70,What is the purpose of word embedding in natural language processing (NLP)?,"Word embedding is a technique used to represent words as dense vectors in a continuous vector space, capturing semantic relationships between words and enabling neural networks to process textual data more effectively."
71,What is the difference between word2vec and GloVe in word embedding?,"Word2Vec is a model that learns word embeddings by predicting the surrounding words in a text corpus, while GloVe (Global Vectors for Word Representation) learns word embeddings by factorizing the co-occurrence matrix of words in the corpus."
72,What is the purpose of sentiment analysis in natural language processing (NLP)?,"Sentiment analysis is a natural language processing task that involves determining the sentiment or opinion expressed in a piece of text, such as positive, negative, or neutral. It is commonly used to analyze customer reviews, social media posts, and survey responses."
73,What is the difference between shallow learning and deep learning?,"Shallow learning refers to traditional machine learning algorithms with a small number of layers or features, while deep learning involves neural networks with multiple layers that can learn hierarchical representations of the data."
74,What is the role of dropout regularization in neural networks?,"Dropout regularization is a technique used in neural networks to prevent overfitting by randomly dropping out a fraction of neurons during training, forcing the network to learn more robust representations."
75,What is the difference between precision and accuracy in model evaluation?,"Precision measures the proportion of true positive predictions among all positive predictions made by a classifier, while accuracy measures the proportion of correct predictions (both true positives and true negatives) among all predictions made by the classifier."
76,What is the difference between k-fold cross-validation and leave-one-out cross-validation?,"K-fold cross-validation divides the data into k subsets and iteratively trains the model k times, each time using a different subset as the validation set, while leave-one-out cross-validation trains the model k times, each time using all but one data point as the training set and the remaining point as the validation set."
77,What is the Naive Bayes classifier and how does it work?,"The Naive Bayes classifier is a probabilistic model based on Bayes' theorem with the ""naive"" assumption of feature independence. It calculates the probability of a class given the input features using the product of conditional probabilities."
78,What is the difference between correlation and covariance?,"Covariance measures the degree to which two variables change together, while correlation measures both the strength and direction of the linear relationship between two variables."
79,What is the purpose of a confusion matrix in classification tasks?,"A confusion matrix is a table that visualizes the performance of a classification model by comparing predicted class labels with true class labels. It shows the number of true positives, true negatives, false positives, and false negatives."
80,What is the difference between stratified sampling and random sampling?,"Stratified sampling divides the population into homogeneous subgroups (strata) and samples from each stratum proportionally, while random sampling selects individuals randomly from the entire population without regard to strata."
81,"What is the difference between univariate, bivariate, and multivariate analysis?","Univariate analysis examines the distribution and summary statistics of a single variable, bivariate analysis explores the relationship between two variables, and multivariate analysis involves analyzing multiple variables simultaneously."
82,What is the purpose of data preprocessing in machine learning?,"Data preprocessing involves cleaning, transforming, and preparing raw data for machine learning algorithms. It includes tasks such as handling missing values, encoding categorical variables, and scaling features."
83,What is the bias of a statistical estimator?,The bias of a statistical estimator measures the difference between the expected value of the estimator and the true value of the parameter being estimated. A biased estimator systematically overestimates or underestimates the true parameter value.
84,What is the variance of a statistical estimator?,"The variance of a statistical estimator measures the spread or variability of the estimator's values around its expected value. A high variance indicates that the estimator's values are scattered widely, while a low variance indicates that the values are clustered closely together."
85,What is the difference between parametric and non-parametric statistical tests?,"Parametric statistical tests assume that the data follows a specific probability distribution (e.g., normal distribution), while non-parametric tests make no such assumptions and are based on ranks or frequencies."
86,What is the purpose of feature scaling in machine learning?,"Feature scaling ensures that all features have the same scale or range, preventing certain features from dominating others during model training. Common scaling techniques include min-max scaling and standardization."
87,What is the difference between correlation and causation in statistics?,"Correlation measures the strength and direction of the linear relationship between two variables, while causation indicates that changes in one variable directly cause changes in another variable."
88,What is the Central Limit Theorem and why is it important?,"The Central Limit Theorem states that the sampling distribution of the sample mean approaches a normal distribution as the sample size increases, regardless of the shape of the population distribution. It is important because it allows us to make inferences about population parameters based on sample statistics."
89,What is the purpose of outlier detection in data analysis?,"Outlier detection involves identifying observations that deviate significantly from the rest of the data. Outliers can distort statistical analyses and machine learning models, so detecting and handling them appropriately is important for accurate results."
90,What is the difference between supervised and unsupervised outlier detection methods?,"Supervised outlier detection methods require labeled data with outlier labels, while unsupervised methods detect outliers based on the characteristics of the data itself without requiring labeled examples."
91,What is the difference between statistical inference and predictive modeling?,"Statistical inference involves drawing conclusions about a population based on a sample of data, while predictive modeling focuses on building models that make predictions about future or unseen data based on past observations."
92,What is the purpose of regularization in machine learning?,"Regularization is a technique used to prevent overfitting by adding a penalty term to the model's objective function, discouraging overly complex models. Common regularization techniques include L1 regularization (Lasso) and L2 regularization (Ridge)."
93,What is the difference between batch gradient descent and stochastic gradient descent?,"Batch gradient descent updates model parameters using the average gradient of the entire training dataset, while stochastic gradient descent updates parameters using the gradient of a single randomly selected data point or mini-batch."
94,What is the difference between statistical modeling and machine learning?,"Statistical modeling focuses on understanding the relationships between variables in a probabilistic framework, while machine learning emphasizes building algorithms that can learn patterns and make predictions from data without explicitly programming them."
95,What is the purpose of feature selection in machine learning?,"Feature selection involves selecting the most relevant features from a dataset to improve model performance, reduce overfitting, and enhance interpretability."
96,What is the difference between regularization and feature selection in machine learning?,"Regularization penalizes overly complex models by adding a penalty term to the objective function, while feature selection explicitly selects a subset of features to include in the model based on their importance or relevance."
97,What is the difference between grid search and random search for hyperparameter tuning?,"Grid search exhaustively searches through a specified grid of hyperparameter values, while random search samples hyperparameter values randomly from predefined distributions."
98,What is the purpose of cross-validation in model evaluation?,Cross-validation is a technique used to assess the performance of a predictive model by splitting the data into multiple subsets. It helps to estimate the model's generalization error and detect overfitting.
99,What is the difference between precision and recall in classification evaluation?,"Precision measures the proportion of true positive predictions among all positive predictions made by a classifier, while recall measures the proportion of true positive predictions among all actual positive instances in the data."
100,"What is the F1 score, and why is it useful in imbalanced datasets?",The F1 score is the harmonic mean of precision and recall and provides a single metric to evaluate the performance of a classifier. It is particularly useful for imbalanced datasets where one class is much more prevalent than the others.
101,What is the difference between bagging and boosting ensemble methods?,"Bagging (Bootstrap Aggregating) builds multiple models independently and combines their predictions through averaging or voting, while boosting sequentially builds models by giving more weight to misclassified instances."
102,What is the purpose of principal component analysis (PCA) in dimensionality reduction?,"Principal Component Analysis (PCA) is used to reduce the dimensionality of a dataset by transforming the original features into a new set of orthogonal principal components, which capture the maximum variance in the data."
103,What is the difference between k-means and hierarchical clustering?,"K-means clustering partitions the data into k clusters by minimizing the within-cluster sum of squares, while hierarchical clustering builds a tree-like hierarchy of clusters by recursively merging or splitting clusters based on proximity."
104,What is the difference between classification and regression in machine learning?,"Classification is a supervised learning task where the goal is to predict categorical labels or classes, while regression is a supervised learning task where the goal is to predict continuous numerical values."
105,What is the purpose of natural language processing (NLP) in data science?,"Natural language processing (NLP) is a field of artificial intelligence that focuses on the interaction between computers and human languages. It enables computers to understand, interpret, and generate human language data."
106,What is the difference between bag-of-words and word embeddings in NLP?,"Bag-of-words represents text as a collection of word counts or frequencies, ignoring word order and grammar, while word embeddings represent words as dense vectors in a continuous vector space, capturing semantic relationships between words."
107,What is the difference between sentiment analysis and topic modeling in NLP?,"Sentiment analysis determines the sentiment or opinion expressed in a piece of text, such as positive, negative, or neutral, while topic modeling identifies the underlying topics or themes present in a collection of documents."
108,What is the purpose of word2vec in NLP?,Word2Vec is a model that learns word embeddings by predicting the surrounding words in a text corpus. It captures semantic relationships between words and enables algorithms to process textual data more effectively.
109,What is the difference between a generative model and a discriminative model in machine learning?,"A generative model learns the joint probability distribution of the input features and the target labels, while a discriminative model learns the conditional probability distribution of the target labels given the input features."
110,What is the difference between deep learning and traditional machine learning algorithms?,"Deep learning involves neural networks with multiple layers that can learn hierarchical representations of the data, while traditional machine learning algorithms typically use handcrafted features and simpler models."
111,What is the purpose of transfer learning in deep learning?,"Transfer learning is a technique where a model trained on one task is reused as the starting point for a model on a related task. It enables the transfer of knowledge and features learned from one domain to another, reducing the need for large labeled datasets."
112,What is the difference between convolutional neural networks (CNNs) and recurrent neural networks (RNNs)?,"Convolutional neural networks (CNNs) are well-suited for processing grid-like data such as images, while recurrent neural networks (RNNs) are designed to handle sequential data with temporal dependencies such as text or time series."
113,What is the purpose of batch normalization in neural networks?,Batch normalization is a technique used in neural networks to improve training stability and speed by normalizing the activations of each layer. It reduces internal covariate shift and accelerates convergence during training.
114,What is the difference between a feedforward neural network and a recurrent neural network?,"A feedforward neural network consists of multiple layers of neurons connected in a forward direction without cycles, while a recurrent neural network has connections that form directed cycles, allowing it to maintain state or memory over time."
115,What is the purpose of dropout regularization in neural networks?,Dropout regularization is a technique used in neural networks to prevent overfitting by randomly dropping out a fraction of neurons during training. It forces the network to learn more robust representations and reduces co-adaptation between neurons.
116,What is the difference between LSTMs and GRUs in recurrent neural networks?,"LSTMs (Long Short-Term Memory) and GRUs (Gated Recurrent Units) are both types of recurrent neural network architectures designed to capture long-range dependencies in sequential data, but they differ in their internal gating mechanisms and computational complexity."
117,What is the purpose of attention mechanisms in neural networks?,Attention mechanisms in neural networks enable the model to focus on relevant parts of the input data while ignoring irrelevant information. They have been particularly successful in natural language processing tasks such as machine translation and text summarization.
118,What is the difference between generative adversarial networks (GANs) and autoencoders in deep learning?,"Generative adversarial networks (GANs) consist of two neural networks (generator and discriminator) that compete with each other to generate realistic data samples, while autoencoders consist of an encoder and decoder network that reconstruct input data."
119,What is the purpose of reinforcement learning in machine learning?,Reinforcement learning is a machine learning paradigm where an agent learns to make decisions by interacting with an environment to maximize cumulative rewards. It is commonly used in settings where actions influence future states and the agent learns through trial and error.
120,What is the difference between Q-learning and policy gradient methods in reinforcement learning?,"Q-learning is a model-free reinforcement learning algorithm that learns the optimal action-selection policy by iteratively updating a Q-value function, while policy gradient methods directly parameterize the policy and update the policy parameters based on gradients of expected rewards."
121,What is the purpose of data preprocessing in exploratory data analysis (EDA)?,"Data preprocessing in EDA involves cleaning, transforming, and preparing raw data for analysis. It includes tasks such as handling missing values, removing outliers, and encoding categorical variables."
122,What are some common techniques for handling missing data in EDA?,"Common techniques for handling missing data in EDA include imputation (replacing missing values with estimates), deletion (removing rows or columns with missing values), and prediction (using models to estimate missing values)."
123,What is the difference between univariate and bivariate analysis in EDA?,"Univariate analysis examines the distribution and summary statistics of a single variable, while bivariate analysis explores the relationship between two variables."
124,What is the purpose of data visualization in EDA?,"Data visualization in EDA helps to explore and understand the structure, patterns, and relationships in the data. It provides insights that may not be apparent from raw data or summary statistics alone."
125,What are some common types of data visualization used in EDA?,"Common types of data visualization used in EDA include histograms, scatter plots, box plots, bar charts, line plots, and heatmaps."
126,What is the difference between continuous and categorical variables in EDA?,"Continuous variables are numeric variables with an infinite number of possible values within a range, while categorical variables are qualitative variables with a finite number of distinct categories or levels."
127,What is the purpose of statistical summaries in EDA?,"Statistical summaries in EDA provide descriptive statistics such as mean, median, mode, variance, and percentiles to summarize the central tendency, dispersion, and shape of the data distribution."
128,What is the difference between central tendency and dispersion measures in EDA?,"Central tendency measures (e.g., mean, median, mode) describe the central or typical value of a dataset, while dispersion measures (e.g., variance, standard deviation) quantify the spread or variability of the data around the central value."
129,What is the purpose of hypothesis testing in EDA?,Hypothesis testing in EDA is used to evaluate whether observed differences or relationships in the data are statistically significant or due to random chance. It involves formulating null and alternative hypotheses and conducting statistical tests to make inferences about population parameters.
130,What is the difference between parametric and non-parametric tests in hypothesis testing?,"Parametric tests assume that the data follows a specific probability distribution (e.g., normal distribution), while non-parametric tests make no such assumptions and are based on ranks or frequencies."
131,What is the purpose of correlation analysis in EDA?,Correlation analysis in EDA measures the strength and direction of the linear relationship between two continuous variables. It helps to identify patterns and associations in the data.
132,What is the difference between Pearson correlation and Spearman correlation?,"Pearson correlation measures the linear relationship between two continuous variables, while Spearman correlation measures the monotonic relationship between variables, allowing for non-linear associations."
133,What is the purpose of regression analysis in EDA?,Regression analysis in EDA is used to model the relationship between one or more independent variables (predictors) and a dependent variable (outcome). It helps to understand how changes in predictors affect the outcome variable.
134,What are the assumptions of linear regression in EDA?,"The assumptions of linear regression in EDA include linearity (relationship between variables is linear), independence (residuals are independent), homoscedasticity (residuals have constant variance), and normality (residuals are normally distributed)."
135,What is the difference between simple linear regression and multiple linear regression?,"Simple linear regression models the relationship between one independent variable and a dependent variable, while multiple linear regression models the relationship between multiple independent variables and a dependent variable."
136,What is the purpose of logistic regression in EDA?,Logistic regression in EDA is used to model the relationship between one or more independent variables (predictors) and a binary outcome variable (0 or 1). It is commonly used for classification tasks.
137,What are the assumptions of logistic regression in EDA?,"The assumptions of logistic regression in EDA include linearity (relationship between predictors and log-odds is linear), independence (observations are independent), and absence of multicollinearity (predictors are not highly correlated)."
138,What is the purpose of outlier detection in EDA?,"Outlier detection in EDA involves identifying observations that deviate significantly from the rest of the data. Outliers can distort statistical analyses and machine learning models, so detecting and handling them appropriately is important for accurate results."
139,What are some common techniques for detecting outliers in EDA?,"Common techniques for detecting outliers in EDA include graphical methods (e.g., scatter plots, box plots), statistical methods (e.g., z-score, modified z-score), and proximity-based methods (e.g., nearest neighbors)."
140,What is the purpose of box plots in EDA?,"Box plots in EDA provide a visual summary of the distribution, central tendency, and spread of a dataset. They show the median, quartiles, and potential outliers of the data distribution."
141,What is the purpose of histograms in EDA?,Histograms in EDA display the frequency distribution of a continuous variable by dividing the data into intervals (bins) and plotting the number of observations in each interval. They provide insights into the shape and spread of the data distribution.
142,What is the purpose of scatter plots in EDA?,"Scatter plots in EDA visualize the relationship between two continuous variables by plotting each data point as a point on a graph. They help to identify patterns, trends, and correlations in the data."
143,What is the purpose of bar charts in EDA?,Bar charts in EDA represent categorical data by displaying the frequency or proportion of observations in each category as bars of varying heights. They are useful for comparing the distribution of categorical variables.
144,What is the purpose of line plots in EDA?,Line plots in EDA visualize the trend or pattern of a variable over time or another continuous dimension by connecting data points with lines. They are commonly used for time series analysis and trend identification.
145,What is the purpose of heatmaps in EDA?,Heatmaps in EDA visualize the magnitude of a variable or the strength of a relationship between variables using colors. They are useful for identifying patterns and correlations in large datasets.
146,What is the purpose of correlation matrices in EDA?,Correlation matrices in EDA display the pairwise correlations between variables in a tabular format or heatmap. They help to identify patterns and associations among variables.
147,What is the difference between correlation and causation in EDA?,"Correlation measures the strength and direction of the linear relationship between two variables, while causation indicates that changes in one variable directly cause changes in another variable. Correlation does not imply causation."
148,What is the purpose of statistical tests in EDA?,Statistical tests in EDA are used to assess the significance of observed differences or relationships in the data. They help to make inferences about population parameters and draw conclusions from sample data.
149,What is the difference between parametric and non-parametric tests in EDA?,"Parametric tests assume that the data follows a specific probability distribution (e.g., normal distribution), while non-parametric tests make no such assumptions and are based on ranks or frequencies."
150,What is the purpose of ANOVA in EDA?,Analysis of Variance (ANOVA) in EDA is used to compare the means of two or more groups to determine whether they are significantly different. It is commonly used for comparing means across multiple categories or treatments.
151,What is the difference between one-way ANOVA and two-way ANOVA in EDA?,"One-way ANOVA compares the means of two or more groups based on a single categorical factor, while two-way ANOVA considers the effects of two categorical factors (main effects and interaction) on the outcome variable."
152,What is the purpose of chi-squared test in EDA?,The chi-squared test in EDA is used to assess the independence between two categorical variables by comparing the observed frequencies to the expected frequencies under the null hypothesis of independence.
153,What is the purpose of t-tests in EDA?,T-tests in EDA are used to compare the means of two independent samples or the mean of a sample to a known value. They help to determine whether observed differences in means are statistically significant.
154,What is the difference between independent samples t-test and paired samples t-test in EDA?,"Independent samples t-test compares the means of two independent groups, while paired samples t-test compares the means of two related groups (e.g., before and after treatment) based on matched pairs of observations."
155,What is the purpose of non-parametric tests in EDA?,"Non-parametric tests in EDA are used when the data does not meet the assumptions of parametric tests (e.g., normal distribution, homogeneity of variance). They provide robust alternatives for analyzing non-normally distributed or skewed data."
156,What is the difference between Wilcoxon signed-rank test and Mann-Whitney U test in EDA?,"Wilcoxon signed-rank test is a non-parametric test used to compare the medians of two related groups, while Mann-Whitney U test compares the medians of two independent groups."
157,What is the purpose of exploratory factor analysis (EFA) in EDA?,Exploratory factor analysis (EFA) in EDA is used to identify underlying factors or latent variables that explain the common variance among observed variables. It helps to uncover the underlying structure of a dataset.
158,What is the difference between EFA and principal component analysis (PCA) in EDA?,"EFA and PCA are both dimensionality reduction techniques used in EDA, but EFA aims to identify underlying factors that explain the common variance among observed variables, while PCA aims to capture the maximum variance in the data with orthogonal principal components."
159,What is the purpose of cluster analysis in EDA?,Cluster analysis in EDA is used to identify groups or clusters of similar observations based on their characteristics or features. It helps to uncover natural groupings in the data and identify patterns or relationships.
160,What are some common algorithms used for cluster analysis in EDA?,"Common algorithms used for cluster analysis in EDA include K-means clustering, hierarchical clustering, DBSCAN (Density-Based Spatial Clustering of Applications with Noise), and Gaussian mixture models."
161,What is the difference between K-means clustering and hierarchical clustering in EDA?,"K-means clustering partitions the data into K clusters by minimizing the within-cluster sum of squares, while hierarchical clustering builds a tree-like hierarchy of clusters by recursively merging or splitting clusters based on proximity."
162,What is the purpose of dendrogram in hierarchical clustering in EDA?,A dendrogram in hierarchical clustering visualizes the hierarchical relationships between clusters by displaying the merging order and distance between clusters. It helps to identify the optimal number of clusters and interpret the clustering results.
163,What is the purpose of silhouette analysis in cluster validation in EDA?,"Silhouette analysis in cluster validation assesses the quality of clustering results by calculating silhouette coefficients for each data point, which measure the cohesion within clusters and separation between clusters. Higher silhouette coefficients indicate better-defined clusters."
164,What is the purpose of dimensionality reduction techniques in EDA?,Dimensionality reduction techniques in EDA are used to reduce the number of features or variables in a dataset while preserving the most important information. They help to overcome the curse of dimensionality and improve computational efficiency.
165,What are some common dimensionality reduction techniques used in EDA?,"Common dimensionality reduction techniques used in EDA include principal component analysis (PCA), factor analysis, t-distributed stochastic neighbor embedding (t-SNE), and linear discriminant analysis (LDA)."
166,What is the purpose of PCA in EDA?,Principal Component Analysis (PCA) in EDA is used to reduce the dimensionality of a dataset by transforming the original features into a new set of orthogonal principal components. It helps to identify the underlying structure and patterns in high-dimensional data.
167,What is the difference between PCA and factor analysis in EDA?,"PCA and factor analysis are both dimensionality reduction techniques used in EDA, but PCA aims to capture the maximum variance in the data with orthogonal principal components, while factor analysis aims to identify underlying factors that explain the common variance among observed variables."
168,What is the purpose of t-SNE in EDA?,t-Distributed Stochastic Neighbor Embedding (t-SNE) in EDA is a technique used for visualizing high-dimensional data in a lower-dimensional space while preserving the local structure and relationships between data points. It is commonly used for visualizing clusters and patterns in complex datasets.
169,What is the difference between linear discriminant analysis (LDA) and PCA in EDA?,"Linear Discriminant Analysis (LDA) and PCA are both dimensionality reduction techniques used in EDA, but LDA aims to maximize the separation between classes or groups while reducing dimensionality, whereas PCA focuses on capturing the maximum variance in the data regardless of class labels."
170,What is the purpose of feature selection in EDA?,"Feature selection in EDA involves selecting the most relevant features from a dataset to improve model performance, reduce overfitting, and enhance interpretability. It helps to identify the subset of features that contribute the most to predicting the target variable."
171,What are some common feature selection techniques used in EDA?,"Common feature selection techniques used in EDA include filter methods (e.g., correlation analysis, information gain), wrapper methods (e.g., recursive feature elimination, forward/backward selection), and embedded methods (e.g., LASSO, decision trees)."
172,What is the purpose of ensemble methods in EDA?,"Ensemble methods in EDA combine multiple models or algorithms to improve predictive performance, robustness, and generalization. They help to reduce overfitting and capture diverse patterns in the data."
173,What are some common ensemble methods used in EDA?,"Common ensemble methods used in EDA include bagging (Bootstrap Aggregating), boosting (e.g., AdaBoost, Gradient Boosting), and stacking (meta-learning). They combine predictions from multiple base models to make more accurate and reliable predictions."
174,What is the purpose of model evaluation in EDA?,Model evaluation in EDA involves assessing the performance of predictive models using various metrics and techniques. It helps to determine the effectiveness of the models in capturing patterns and making accurate predictions on unseen data.
175,What are some common metrics used for model evaluation in EDA?,"Common metrics used for model evaluation in EDA include accuracy, precision, recall, F1 score, ROC-AUC score, mean squared error (MSE), and R-squared (R2) score. They provide insights into different aspects of model performance."
176,What is the difference between cross-validation and holdout validation in model evaluation in EDA?,"Cross-validation in model evaluation splits the data into multiple subsets (folds) for training and testing, while holdout validation splits the data into two disjoint sets (training and testing). Cross-validation provides more reliable estimates of model performance but is computationally more expensive."
177,What is the purpose of hyperparameter tuning in model evaluation in EDA?,Hyperparameter tuning in model evaluation involves optimizing the hyperparameters of machine learning algorithms to improve model performance and generalization. It helps to find the best combination of hyperparameters for a given dataset and problem.
178,What are some common techniques for hyperparameter tuning in EDA?,"Common techniques for hyperparameter tuning in EDA include grid search, random search, Bayesian optimization, and genetic algorithms. They systematically search the hyperparameter space to find the optimal values for model performance."
179,What is the purpose of model interpretation in EDA?,"Model interpretation in EDA involves understanding and explaining how predictive models make decisions and predictions. It helps to gain insights into the underlying patterns, relationships, and features that contribute to the model's predictions."
180,What are some common techniques for model interpretation in EDA?,"Common techniques for model interpretation in EDA include feature importance analysis (e.g., permutation importance, SHAP values), partial dependence plots, individual conditional expectation (ICE) plots, and model-agnostic interpretation methods (e.g., LIME, SHAP)."
181,What is the purpose of model deployment in EDA?,Model deployment in EDA involves deploying predictive models into production environments to make real-time predictions on new data. It allows organizations to leverage the insights and predictions generated from data analysis for decision-making and business applications.
182,What are some common techniques for model deployment in EDA?,"Common techniques for model deployment in EDA include deploying models as web services or APIs, embedding models into applications or dashboards, and integrating models with existing business processes or workflows. They enable seamless integration of predictive models into operational systems and workflows."
183,What is the purpose of regularization in machine learning?,"Regularization in machine learning is used to prevent overfitting by adding a penalty term to the loss function, discouraging overly complex models. It helps to improve the generalization ability of the model."
184,What are the common types of regularization used in machine learning?,"Common types of regularization used in machine learning include L1 regularization (Lasso), L2 regularization (Ridge), and elastic net regularization (combination of L1 and L2 penalties)."
185,What is the bias-variance trade-off in machine learning?,"The bias-variance trade-off refers to the balance between bias (error due to overly simplistic assumptions) and variance (error due to sensitivity to fluctuations in the training data) in machine learning models. Reducing bias typically increases variance, and vice versa."
186,What is the purpose of feature scaling in machine learning?,Feature scaling in machine learning is used to standardize or normalize the range of features to a similar scale. It helps to prevent certain features from dominating others during model training and improves the convergence of optimization algorithms.
187,What is the purpose of cross-validation in model evaluation?,Cross-validation in model evaluation is used to assess the performance of predictive models by partitioning the data into multiple subsets (folds) for training and testing. It helps to estimate the model's generalization error and detect overfitting.
188,What are the common types of cross-validation techniques used in machine learning?,"Common types of cross-validation techniques used in machine learning include k-fold cross-validation, stratified k-fold cross-validation, leave-one-out cross-validation, and nested cross-validation."
189,What is the difference between bagging and boosting ensemble methods?,"Bagging (Bootstrap Aggregating) combines predictions from multiple models trained on bootstrap samples of the data, while boosting sequentially trains models to correct errors made by previous models. Bagging reduces variance, while boosting reduces bias."
190,What is the purpose of hyperparameter tuning in machine learning?,Hyperparameter tuning in machine learning involves optimizing the hyperparameters of models to improve their performance and generalization. It helps to find the best combination of hyperparameters for a given dataset and problem.
191,What are some common techniques for hyperparameter tuning in machine learning?,"Common techniques for hyperparameter tuning in machine learning include grid search, random search, Bayesian optimization, genetic algorithms, and gradient-based optimization methods. They systematically search the hyperparameter space to find optimal values."
192,What is the difference between supervised and unsupervised learning in machine learning?,"Supervised learning involves learning from labeled data with input-output pairs, where the model predicts the output variable based on input features. Unsupervised learning involves learning from unlabeled data to discover hidden patterns or structures in the data."
193,What are some common dimensionality reduction techniques used in machine learning?,"Common dimensionality reduction techniques used in machine learning include principal component analysis (PCA), linear discriminant analysis (LDA), t-distributed stochastic neighbor embedding (t-SNE), and autoencoders."
194,What is the purpose of model interpretation in machine learning?,"Model interpretation in machine learning involves understanding and explaining how predictive models make decisions and predictions. It helps to gain insights into the underlying patterns, relationships, and features that contribute to the model's predictions."
195,What are some common techniques for model interpretation in machine learning?,"Common techniques for model interpretation in machine learning include feature importance analysis (e.g., permutation importance, SHAP values), partial dependence plots, individual conditional expectation (ICE) plots, and model-agnostic interpretation methods (e.g., LIME, SHAP)."
196,What is the purpose of model deployment in machine learning?,Model deployment in machine learning involves deploying predictive models into production environments to make real-time predictions on new data. It allows organizations to leverage the insights and predictions generated from data analysis for decision-making and business applications.
197,What are some common techniques for model deployment in machine learning?,"Common techniques for model deployment in machine learning include deploying models as web services or APIs, embedding models into applications or dashboards, and integrating models with existing business processes or workflows. They enable seamless integration of predictive models into operational systems and workflows."
198,What is the purpose of transfer learning in machine learning?,"Transfer learning in machine learning is a technique where a model trained on one task is reused as the starting point for a model on a related task. It enables the transfer of knowledge and features learned from one domain to another, reducing the need for large labeled datasets."
199,What are some common applications of transfer learning in machine learning?,"Common applications of transfer learning in machine learning include image classification, natural language processing (NLP), and speech recognition. Pre-trained models such as BERT, ResNet, and GPT are often used as starting points for transfer learning tasks."
200,What is the difference between generative and discriminative models in machine learning?,"Generative models learn the joint probability distribution of the input features and the target labels, while discriminative models learn the conditional probability distribution of the target labels given the input features. Generative models can be used for data generation, while discriminative models are typically used for classification or regression tasks."